,sr.no,name,matches,runs,catches,wickets,stumpings,bowling_average
1,2,Rohan Kanhay,144,1256,76,178,0,1.2361111111111112
3,4,Bahubali,10,756,6,11,3,1.1
4,5,Leeladhar,234,2866,105,376,0,1.606837606837607
5,6,Pradyumna,177,5877,47,122,0,0.6892655367231638
9,10,Litesh Singh,89,1099,46,49,0,0.550561797752809
